Model,Type,Train_MAE,Train_RMSE,Train_R2,Train_DirectionalAccuracy,Test_MAE,Test_RMSE,Test_R2,Test_DirectionalAccuracy
XGBoost,Base,0.007094073472848002,0.009752446457781611,0.74422294660318,78.23547185013597,0.010913086139968128,0.01578918472128409,-0.07353817080899439,46.717680225533634
CatBoost,Base,0.010865917806318457,0.015011019170016585,0.3940248850481667,63.07785275455736,0.010462673393103606,0.015356070314763836,-0.015449344615665384,48.00644381796214
LightGBM,Base,0.008146852607093672,0.011151439355423242,0.6655768876166746,74.95216033840266,0.01091661621332063,0.015792257047403467,-0.07395599862153257,46.274667740636325
SimpleAverage,Ensemble,0.008575871345999141,0.011821514271802357,0.6241793387615483,75.88881055494008,0.010597094413582553,0.015476998237809795,-0.03150549480442488,47.12041884816754
OptimizedWeights,Ensemble,0.007448971340368436,0.010243823323741418,0.7177989731690424,77.98368415751838,0.010791385025049668,0.015657298063921785,-0.055678599978316035,46.637132501006846
Stacking,Ensemble,0.013265128433021299,0.019276669328502322,0.000694159459514232,46.03686171819921,0.010325904048789601,0.015219126993871563,0.0025811733592038255,46.99959726137737
Voting,Ensemble,0.008575871345999141,0.011821514271802357,0.6241793387615483,75.88881055494008,0.010597094413582553,0.015476998237809795,-0.03150549480442488,47.12041884816754
