Model,Type,Train_MAE,Train_RMSE,Train_R2,Train_DirectionalAccuracy,Test_MAE,Test_RMSE,Test_R2,Test_DirectionalAccuracy
XGBOOST,Base,0.01326755429181632,0.019283363732543638,-3.9165073850710996e-08,45.976432671971,0.010333901237742098,0.015238818141390362,-1.5013236160932308e-06,46.757954087797025
CATBOOST,Base,0.007954010990859935,0.010615279817594466,0.6969618376012388,73.73350790613354,0.01179200263081966,0.01666961233899637,-0.19660022420362822,46.516310914216675
LIGHTGBM,Base,0.008315599214649132,0.011494905055673578,0.6446590921684408,75.6370228623225,0.010731543133069423,0.015608578326753617,-0.049119056382723736,45.71083366894885
SimpleAverage,Ensemble,0.009628786378793813,0.013330578678237844,0.5221050563173862,75.28452009265787,0.010546895972049065,0.015421549708019053,-0.02412770657022434,46.476037051953284
OptimizedWeights,Ensemble,0.008026900569203129,0.010803990492106223,0.6860916867979141,76.07009769362475,0.01095916261832877,0.015845061444680238,-0.08114995559322957,46.556584776480065
Stacking,Ensemble,0.013267870611766342,0.019283363354926468,0.0,45.976432671971,0.010334173275261252,0.015238813943288857,-9.503481805950287e-07,46.757954087797025
Voting,Ensemble,0.009628786378793813,0.013330578678237844,0.5221050563173862,75.28452009265787,0.010546895972049065,0.015421549708019053,-0.02412770657022434,46.476037051953284
