Model,Test_R2,Test_MAE,Test_RMSE,Test_DirectionalAccuracy
LightGBM_Tuned,-0.037680334972637564,0.010613337024415716,0.015523253635442378,47.28151429722111
